Ref,Val,Package,PosX,PosY,Rot,Side
"C1","100uF/25V","CP_Elec_8x10.5",13.500000,-33.500000,0.000000,top
"C2","10uF/35V","C_1206_3216Metric",29.000000,-25.200000,0.000000,top
"C3","100nF/50V","C_0603_1608Metric",25.000000,-27.300000,180.000000,top
"C4","100nF","C_0603_1608Metric",25.000000,-32.800000,0.000000,top
"C5","22uF/16V","C_1206_3216Metric",36.600000,-30.000000,90.000000,top
"C6","22uF/16V","C_1206_3216Metric",39.200000,-30.000000,90.000000,top
"C7","100nF","C_0603_1608Metric",36.600000,-34.000000,90.000000,top
"C8","1uF","C_0603_1608Metric",23.500000,-46.000000,90.000000,top
"C9","1uF","C_0603_1608Metric",23.500000,-49.500000,90.000000,top
"C10","1uF","C_0603_1608Metric",31.000000,-48.000000,90.000000,top
"C11","22uF/10V","C_0805_2012Metric",29.000000,-55.000000,0.000000,top
"C12","100nF","C_0603_1608Metric",33.000000,-55.000000,0.000000,top
"C13","100uF/25V","CP_Elec_8x10.5",14.000000,-46.000000,0.000000,top
"C14","10uF","C_0805_2012Metric",8.500000,-58.000000,90.000000,top
"C15","10uF","C_0805_2012Metric",23.000000,-57.000000,90.000000,top
"C16","100nF","C_0603_1608Metric",25.500000,-57.000000,90.000000,top
"C17","100nF","C_0603_1608Metric",40.800000,-33.750000,180.000000,top
"C18","100nF","C_0603_1608Metric",40.800000,-39.250000,180.000000,top
"C19","100nF","C_0603_1608Metric",40.800000,-45.750000,180.000000,top
"C20","100nF","C_0603_1608Metric",47.250000,-54.200000,-90.000000,top
"C21","100nF","C_0603_1608Metric",53.750000,-54.200000,-90.000000,top
"C22","100nF","C_0603_1608Metric",58.750000,-54.200000,-90.000000,top
"C23","100nF","C_0603_1608Metric",63.750000,-54.200000,-90.000000,top
"C24","100nF","C_0603_1608Metric",69.200000,-43.250000,0.000000,top
"C25","100nF","C_0603_1608Metric",69.200000,-37.750000,0.000000,top
"C26","100nF","C_0603_1608Metric",69.200000,-31.250000,0.000000,top
"C27","100nF","C_0603_1608Metric",57.750000,-25.800000,90.000000,top
"C28","100nF","C_0603_1608Metric",52.750000,-25.800000,90.000000,top
"C29","100nF","C_0603_1608Metric",46.250000,-25.800000,90.000000,top
"C30","100nF","C_0603_1608Metric",72.500000,-37.750000,0.000000,top
"C31","4.7uF","C_0805_2012Metric",40.000000,-24.000000,0.000000,top
"C32","1uF","C_0805_2012Metric",70.000000,-24.000000,0.000000,top
"C33","1uF","C_0603_1608Metric",36.500000,-47.500000,0.000000,top
"C34","100nF","C_0603_1608Metric",36.500000,-50.000000,0.000000,top
"C35","2.2uF","C_0805_2012Metric",67.000000,-55.500000,0.000000,top
"C36","2.2uF","C_0805_2012Metric",72.500000,-32.250000,0.000000,top
"C37","100nF","C_0603_1608Metric",38.000000,-13.500000,0.000000,top
"C38","18pF C0G","C_0603_1608Metric",36.400000,-41.400000,180.000000,top
"C39","18pF C0G","C_0603_1608Metric",36.400000,-43.800000,180.000000,top
"C40","100nF","C_0603_1608Metric",38.000000,-60.500000,0.000000,top
"C41","100nF","C_0603_1608Metric",52.000000,-60.500000,0.000000,top
"C42","100nF","C_0603_1608Metric",21.000000,-66.000000,90.000000,top
"C43","10uF","C_0805_2012Metric",60.000000,-66.000000,90.000000,top
"C44","100nF","C_0603_1608Metric",82.000000,-31.000000,0.000000,top
"C45","100nF","C_0603_1608Metric",82.000000,-45.000000,0.000000,top
"D1","SMF5.0CA","D_SMF",84.000000,-14.000000,90.000000,top
"D2","SS54","D_SMC",11.000000,-21.000000,0.000000,top
"D3","SMAJ15CA","D_SMA",5.000000,-31.000000,90.000000,top
"D4","green","LED_0603_1608Metric",93.000000,-13.000000,0.000000,top
"D5","green","LED_0603_1608Metric",93.000000,-16.000000,0.000000,top
"D6","green","LED_0603_1608Metric",93.000000,-19.000000,0.000000,top
"D7","red","LED_0603_1608Metric",93.000000,-22.000000,0.000000,top
"D8","green PWR","LED_0603_1608Metric",93.000000,-25.000000,0.000000,top
"F1","1.5A hold","Fuse_1812_4532Metric",88.000000,-6.000000,90.000000,top
"FB1","600R@100MHz","L_0603_1608Metric",36.500000,-52.500000,0.000000,top
"J1","USB-C","USB_C_Receptacle_HRO_TYPE-C-31-M-12",72.000000,-5.315000,0.000000,top
"J2","12V DC 5.5/2.1","BarrelJack_Horizontal",14.000000,-14.045000,-90.000000,top
"J3","FDD_PWR","PinHeader_1x04_P2.54mm_Vertical",1.815000,-48.190000,0.000000,top
"J4","SWD","PinHeader_2x05_P1.27mm_Vertical",95.365000,-3.460000,0.000000,top
"J5","DBG_UART","PinHeader_1x03_P2.54mm_Vertical",105.000000,-15.460000,0.000000,top
"J6","FDD_34PIN","IDC-Header_2x17_P2.54mm_Vertical",10.680000,-81.275000,90.000000,top
"J7","AMIGA_FDD","IDC-Header_2x12_P2.54mm_Vertical",70.030000,-81.275000,90.000000,top
"J8","IEC","DIN-6_Female_PCB",100.955000,-40.000000,0.000000,top
"L1","15uH 3A","L_Bourns_SRN6045TA",31.000000,-30.000000,0.000000,top
"R1","5.1k","R_0603_1608Metric",64.000000,-6.000000,90.000000,top
"R2","5.1k","R_0603_1608Metric",80.000000,-6.000000,90.000000,top
"R3","100k 1%","R_0603_1608Metric",21.300000,-26.900000,0.000000,top
"R4","13.3k 1%","R_0603_1608Metric",21.300000,-29.000000,180.000000,top
"R5","33k 1%","R_0603_1608Metric",27.000000,-51.000000,90.000000,top
"R6","10k 1%","R_0603_1608Metric",29.000000,-51.000000,90.000000,top
"R7","10k","R_0603_1608Metric",31.500000,-51.500000,90.000000,top
"R8","10k","R_0603_1608Metric",48.000000,-13.500000,0.000000,top
"R9","22k","R_0603_1608Metric",76.000000,-24.000000,90.000000,top
"R10","33k","R_0603_1608Metric",79.000000,-24.000000,90.000000,top
"R11","1k","R_0603_1608Metric",88.500000,-13.000000,0.000000,top
"R12","1k","R_0603_1608Metric",88.500000,-16.000000,0.000000,top
"R13","1k","R_0603_1608Metric",88.500000,-19.000000,0.000000,top
"R14","1k","R_0603_1608Metric",88.500000,-22.000000,0.000000,top
"R15","2.2k","R_0603_1608Metric",88.500000,-25.000000,0.000000,top
"RN1","1k","R_Array_Convex_4x0603",35.000000,-72.000000,0.000000,top
"RN2","1k","R_Array_Convex_4x0603",41.000000,-72.000000,0.000000,top
"RN3","1k","R_Array_Convex_4x0603",50.000000,-72.000000,0.000000,top
"RN4","1k","R_Array_Convex_4x0603",24.500000,-70.500000,0.000000,top
"RN5","1k","R_Array_Convex_4x0603",28.500000,-70.500000,0.000000,top
"RN6","1k","R_Array_Convex_4x0603",80.000000,-71.000000,0.000000,top
"RN7","1k","R_Array_Convex_4x0603",90.000000,-55.000000,0.000000,top
"RN8","1k","R_Array_Convex_4x0603",94.000000,-55.000000,0.000000,top
"SW1","RESET","SW_SPST_TL3342",38.000000,-8.000000,0.000000,top
"SW2","BOOT","SW_SPST_TL3342",48.000000,-8.000000,0.000000,top
"U1","USBLC6-2SC6","SOT-23-6",72.000000,-16.000000,0.000000,top
"U2","TPS54202DDC","SOT-23-6",25.000000,-30.000000,180.000000,top
"U3","TPS2116DRL","SOT-583-8",27.000000,-47.000000,0.000000,top
"U4","AP7361C-33E","SOT-223-3_TabPin2",16.000000,-58.000000,0.000000,top
"U5","STM32H723ZGT6","LQFP-144_20x20mm_P0.5mm",55.000000,-40.000000,0.000000,top
"U6","SN74LS07D","SOIC-14_3.9x8.7mm_P1.27mm",38.000000,-66.000000,90.000000,top
"U7","SN74LS07D","SOIC-14_3.9x8.7mm_P1.27mm",52.000000,-66.000000,90.000000,top
"U8","74LVC14AD","SOIC-14_3.9x8.7mm_P1.27mm",14.000000,-68.000000,90.000000,top
"U9","SN74LS07D","SOIC-14_3.9x8.7mm_P1.27mm",82.000000,-38.000000,0.000000,top
"U10","74LVC14AD","SOIC-14_3.9x8.7mm_P1.27mm",82.000000,-52.000000,0.000000,top
"Y1","25MHz CL=12pF","Crystal_SMD_3225-4Pin_3.2x2.5mm",39.800000,-42.600000,-90.000000,top
