"Designator","Mid X","Mid Y","Layer","Rotation"
"C1","13.500000mm","-33.500000mm","Top","180"
"C2","29.000000mm","-25.200000mm","Top","0"
"C3","25.000000mm","-27.300000mm","Top","180"
"C4","25.000000mm","-32.800000mm","Top","0"
"C5","36.600000mm","-30.000000mm","Top","90"
"C6","39.200000mm","-30.000000mm","Top","90"
"C7","36.600000mm","-34.000000mm","Top","90"
"C8","23.500000mm","-46.000000mm","Top","90"
"C9","23.500000mm","-49.500000mm","Top","90"
"C10","31.000000mm","-48.000000mm","Top","90"
"C11","29.000000mm","-55.000000mm","Top","0"
"C12","33.000000mm","-55.000000mm","Top","0"
"C13","14.000000mm","-46.000000mm","Top","180"
"C14","8.500000mm","-58.000000mm","Top","90"
"C15","23.000000mm","-57.000000mm","Top","90"
"C16","25.500000mm","-57.000000mm","Top","90"
"C17","40.800000mm","-33.750000mm","Top","180"
"C18","40.800000mm","-39.250000mm","Top","180"
"C19","40.800000mm","-45.750000mm","Top","180"
"C20","47.250000mm","-54.200000mm","Top","270"
"C21","53.750000mm","-54.200000mm","Top","270"
"C22","58.750000mm","-54.200000mm","Top","270"
"C23","63.750000mm","-54.200000mm","Top","270"
"C24","69.200000mm","-43.250000mm","Top","0"
"C25","69.200000mm","-37.750000mm","Top","0"
"C26","69.200000mm","-31.250000mm","Top","0"
"C27","57.750000mm","-25.800000mm","Top","90"
"C28","52.750000mm","-25.800000mm","Top","90"
"C29","46.250000mm","-25.800000mm","Top","90"
"C30","72.500000mm","-37.750000mm","Top","0"
"C31","40.000000mm","-24.000000mm","Top","0"
"C32","70.000000mm","-24.000000mm","Top","0"
"C33","36.500000mm","-47.500000mm","Top","0"
"C34","36.500000mm","-50.000000mm","Top","0"
"C35","67.000000mm","-55.500000mm","Top","0"
"C36","72.500000mm","-32.250000mm","Top","0"
"C37","38.000000mm","-13.500000mm","Top","0"
"C38","36.400000mm","-41.400000mm","Top","180"
"C39","36.400000mm","-43.800000mm","Top","180"
"C40","38.000000mm","-60.500000mm","Top","0"
"C41","52.000000mm","-60.500000mm","Top","0"
"C42","21.000000mm","-66.000000mm","Top","90"
"C43","60.000000mm","-66.000000mm","Top","90"
"C44","82.000000mm","-31.000000mm","Top","0"
"C45","82.000000mm","-45.000000mm","Top","0"
"C46","81.500000mm","-60.000000mm","Top","90"
"C47","70.500000mm","-20.500000mm","Top","0"
"C48","66.000000mm","-24.500000mm","Top","90"
"C49","85.500000mm","-58.500000mm","Top","90"
"C50","85.000000mm","-64.000000mm","Top","0"
"C51","63.500000mm","-58.500000mm","Top","0"
"D1","84.000000mm","-14.000000mm","Top","90"
"D2","11.000000mm","-21.000000mm","Top","0"
"D3","5.000000mm","-31.000000mm","Top","90"
"D4","93.000000mm","-13.000000mm","Top","0"
"D5","93.000000mm","-16.000000mm","Top","0"
"D6","93.000000mm","-19.000000mm","Top","0"
"D7","93.000000mm","-22.000000mm","Top","0"
"D8","93.000000mm","-25.000000mm","Top","0"
"D9","88.500000mm","-72.500000mm","Top","180"
"D10","95.500000mm","-71.000000mm","Top","270"
"D11","99.500000mm","-71.000000mm","Top","270"
"D12","97.000000mm","-46.000000mm","Top","180"
"D13","106.000000mm","-54.500000mm","Top","90"
"D14","88.000000mm","-67.500000mm","Top","0"
"F1","88.000000mm","-6.000000mm","Top","90"
"F2","7.000000mm","-62.000000mm","Top","0"
"F3","8.000000mm","-53.500000mm","Top","0"
"FB1","36.500000mm","-52.500000mm","Top","0"
"J1","72.000000mm","-5.315000mm","Top","0"
"J2","14.000000mm","-14.045000mm","Top","270"
"J3","1.815000mm","-48.190000mm","Top","0"
"J4","95.365000mm","-3.460000mm","Top","0"
"J5","105.000000mm","-15.460000mm","Top","0"
"J6","10.680000mm","-81.275000mm","Top","90"
"J7","70.030000mm","-81.275000mm","Top","90"
"J8","107.785000mm","-33.650000mm","Top","0"
"J9","28.500000mm","-11.000000mm","Top","0"
"J11","59.500000mm","-73.500000mm","Top","90"
"J12","21.000000mm","-9.000000mm","Top","0"
"J13","18.500000mm","-21.000000mm","Top","90"
"L1","31.000000mm","-30.000000mm","Top","0"
"Q1","98.000000mm","-56.500000mm","Top","180"
"Q2","102.500000mm","-57.500000mm","Top","180"
"Q3","99.500000mm","-63.000000mm","Top","270"
"Q4","103.500000mm","-63.000000mm","Top","270"
"R1","70.000000mm","-11.200000mm","Top","0"
"R2","80.000000mm","-6.000000mm","Top","90"
"R3","21.300000mm","-26.900000mm","Top","0"
"R4","21.300000mm","-29.000000mm","Top","180"
"R5","27.000000mm","-51.000000mm","Top","90"
"R6","29.000000mm","-51.000000mm","Top","90"
"R7","31.500000mm","-51.500000mm","Top","90"
"R8","48.000000mm","-13.500000mm","Top","0"
"R9","76.000000mm","-24.000000mm","Top","90"
"R10","79.000000mm","-24.000000mm","Top","90"
"R11","88.500000mm","-13.000000mm","Top","0"
"R12","88.500000mm","-16.000000mm","Top","0"
"R13","88.500000mm","-19.000000mm","Top","0"
"R14","88.500000mm","-22.000000mm","Top","0"
"R15","88.500000mm","-25.000000mm","Top","0"
"R16","72.000000mm","-54.000000mm","Top","0"
"R17","43.000000mm","-56.000000mm","Top","90"
"R18","44.000000mm","-59.000000mm","Top","0"
"R19","38.000000mm","-15.500000mm","Top","0"
"R20","41.500000mm","-15.000000mm","Top","90"
"R21","51.500000mm","-18.500000mm","Top","90"
"R22","55.500000mm","-26.000000mm","Top","90"
"R23","61.500000mm","-24.500000mm","Top","90"
"R24","50.500000mm","-24.500000mm","Top","90"
"R25","63.500000mm","-24.500000mm","Top","90"
"R26","95.000000mm","-60.000000mm","Top","0"
"R27","98.500000mm","-53.500000mm","Top","0"
"R28","106.000000mm","-59.000000mm","Top","90"
"R29","95.000000mm","-64.000000mm","Top","0"
"R30","93.500000mm","-67.500000mm","Top","0"
"R31","106.500000mm","-65.000000mm","Top","90"
"R32","100.000000mm","-66.500000mm","Top","0"
"R33","63.000000mm","-63.500000mm","Top","0"
"R34","26.000000mm","-4.500000mm","Top","90"
"R35","28.000000mm","-2.500000mm","Top","90"
"R36","24.000000mm","-5.000000mm","Top","90"
"R37","30.000000mm","-2.500000mm","Top","90"
"RN1","35.000000mm","-72.000000mm","Top","90"
"RN2","41.000000mm","-72.000000mm","Top","90"
"RN3","50.000000mm","-72.000000mm","Top","90"
"RN4","24.500000mm","-70.500000mm","Top","90"
"RN5","28.500000mm","-70.500000mm","Top","90"
"RN6","80.000000mm","-71.000000mm","Top","90"
"RN7","90.000000mm","-55.000000mm","Top","90"
"RN8","94.000000mm","-55.000000mm","Top","90"
"SW1","38.000000mm","-8.000000mm","Top","0"
"SW2","48.000000mm","-8.000000mm","Top","0"
"SW3","90.500000mm","-33.500000mm","Top","0"
"SW4","98.000000mm","-23.000000mm","Top","90"
"U1","72.000000mm","-16.000000mm","Top","180"
"U2","25.000000mm","-30.000000mm","Top","0"
"U3","27.000000mm","-47.000000mm","Top","0"
"U4","16.000000mm","-58.000000mm","Top","180"
"U5","55.000000mm","-40.000000mm","Top","270"
"U6","38.000000mm","-66.000000mm","Top","0"
"U7","52.000000mm","-66.000000mm","Top","0"
"U8","14.000000mm","-68.000000mm","Top","0"
"U9","82.000000mm","-38.000000mm","Top","270"
"U10","82.000000mm","-52.000000mm","Top","270"
"U11","74.500000mm","-60.000000mm","Top","270"
"U12","89.000000mm","-59.500000mm","Top","180"
"U13","89.000000mm","-63.500000mm","Top","180"
"U14","59.000000mm","-61.000000mm","Top","270"
"U15","57.950000mm","-9.900000mm","Top","0"
"Y1","39.800000mm","-42.600000mm","Top","270"
