"Designator","Value","Footprint","MPN","LCSC","Quantity"
"C1,C13","100uF/25V","Capacitor_SMD:CP_Elec_8x10.5","","C5337554","2"
"C2","10uF/35V","Capacitor_SMD:C_1206_3216Metric","","C454102","1"
"C3","100nF/50V","Capacitor_SMD:C_0603_1608Metric","","C14663","1"
"C4,C7,C12,C16-C30,C34,C37,C40-C42,C44,C45","100nF","Capacitor_SMD:C_0603_1608Metric","","C14663","25"
"C5,C6","22uF/16V","Capacitor_SMD:C_1206_3216Metric","","C90146","2"
"C8-C10,C33","1uF","Capacitor_SMD:C_0603_1608Metric","","C15849","4"
"C11","22uF/10V","Capacitor_SMD:C_0805_2012Metric","","C45783","1"
"C14,C15,C43","10uF","Capacitor_SMD:C_0805_2012Metric","","C15850","3"
"C31","4.7uF","Capacitor_SMD:C_0805_2012Metric","","C1779","1"
"C32","1uF","Capacitor_SMD:C_0805_2012Metric","","C28323","1"
"C35,C36","2.2uF","Capacitor_SMD:C_0805_2012Metric","","C87994","2"
"C38,C39","18pF C0G","Capacitor_SMD:C_0603_1608Metric","","C1647","2"
"D1","SMF5.0CA","Diode_SMD:D_SMF","SMF5.0CA","C2980402","1"
"D2","SS54","Diode_SMD:D_SMC","SS54C (40V/5A)","C16103","1"
"D3","SMAJ15CA","Diode_SMD:D_SMA","SMAJ15CA","C110044","1"
"D4-D6","green","LED_SMD:LED_0603_1608Metric","","C12624","3"
"D7","red","LED_SMD:LED_0603_1608Metric","","C2286","1"
"D8","green PWR","LED_SMD:LED_0603_1608Metric","","C12624","1"
"F1","1.5A hold","Fuse:Fuse_1812_4532Metric","SMD1812P150TF/24 (1.5A hold)","C32404","1"
"FB1","600R@100MHz","Inductor_SMD:L_0603_1608Metric","","C1002","1"
"J1","USB-C","Connector_USB:USB_C_Receptacle_HRO_TYPE-C-31-M-12","HRO TYPE-C-31-M-12","C165948","1"
"J2","12V DC 5.5/2.1","Connector_BarrelJack:BarrelJack_Horizontal","","","1"
"J3","FDD_PWR","Connector_PinHeader_2.54mm:PinHeader_1x04_P2.54mm_Vertical","","C32713270","1"
"J4","SWD","Connector_PinHeader_1.27mm:PinHeader_2x05_P1.27mm_Vertical","","C22438120","1"
"J5","DBG_UART","Connector_PinHeader_2.54mm:PinHeader_1x03_P2.54mm_Vertical","","C49257","1"
"J6","FDD_34PIN","Connector_IDC:IDC-Header_2x17_P2.54mm_Vertical","","C20920","1"
"J7","AMIGA_FDD","Connector_IDC:IDC-Header_2x12_P2.54mm_Vertical","","","1"
"J8","IEC_HDR","Connector_PinHeader_2.54mm:PinHeader_1x06_P2.54mm_Vertical","","C37208","1"
"L1","15uH 3A","Inductor_SMD:L_Bourns_SRN6045TA","Bourns SRN6045TA-150M","C1330797","1"
"R1,R2","5.1k","Resistor_SMD:R_0603_1608Metric","","C23186","2"
"R3","100k 1%","Resistor_SMD:R_0603_1608Metric","","C25803","1"
"R4","13.3k 1%","Resistor_SMD:R_0603_1608Metric","","C25952","1"
"R5","33k 1%","Resistor_SMD:R_0603_1608Metric","","C4216","1"
"R6","10k 1%","Resistor_SMD:R_0603_1608Metric","","C25804","1"
"R7,R8","10k","Resistor_SMD:R_0603_1608Metric","","C25804","2"
"R9","22k","Resistor_SMD:R_0603_1608Metric","","C31850","1"
"R10","33k","Resistor_SMD:R_0603_1608Metric","","C4216","1"
"R11-R14","1k","Resistor_SMD:R_0603_1608Metric","","C21190","4"
"R15","2.2k","Resistor_SMD:R_0603_1608Metric","","C4190","1"
"RN1-RN8","1k","Resistor_SMD:R_Array_Convex_4x0603","","C20197","8"
"SW1","RESET","Button_Switch_SMD:SW_SPST_TL3342","","C2886898","1"
"SW2","BOOT","Button_Switch_SMD:SW_SPST_TL3342","","C2886898","1"
"U1","USBLC6-2SC6","Package_TO_SOT_SMD:SOT-23-6","USBLC6-2SC6","C7519","1"
"U2","TPS54202DDC","Package_TO_SOT_SMD:SOT-23-6","TPS54202DDCR","C191884","1"
"U3","TPS2116DRL","Package_TO_SOT_SMD:SOT-583-8","TPS2116DRLR","C3235557","1"
"U4","AP7361C-33E","Package_TO_SOT_SMD:SOT-223-3_TabPin2","AP7361C-33E-13","C500795","1"
"U5","STM32H723ZGT6","Package_QFP:LQFP-144_20x20mm_P0.5mm","STM32H723ZGT6","C730146","1"
"U6,U7,U9","SN74LS07D","Package_SO:SOIC-14_3.9x8.7mm_P1.27mm","SN74LS07DR (alt. SN7407DR)","C371970","3"
"U8,U10","74LVC14AD","Package_SO:SOIC-14_3.9x8.7mm_P1.27mm","SN74LVC14ADR","C133541","2"
"Y1","25MHz CL=12pF","Crystal:Crystal_SMD_3225-4Pin_3.2x2.5mm","YXC X322525MOB4SI (25MHz, CL 12pF, +-10ppm)","C9006","1"
