"Comment","Designator","Footprint","LCSC Part #"
"100uF/25V","C1,C13","Capacitor_SMD:CP_Elec_8x10.5","C5337554"
"10uF/35V","C2","Capacitor_SMD:C_1206_3216Metric","C454102"
"100nF/50V","C3","Capacitor_SMD:C_0603_1608Metric","C14663"
"100nF","C4,C7,C12,C16-C30,C34,C37,C40-C42,C44-C47,C49-C51","Capacitor_SMD:C_0603_1608Metric","C14663"
"22uF/16V","C5,C6","Capacitor_SMD:C_1206_3216Metric","C90146"
"1uF","C8-C10,C33","Capacitor_SMD:C_0603_1608Metric","C15849"
"22uF/10V","C11","Capacitor_SMD:C_0805_2012Metric","C45783"
"10uF","C14,C15,C43,C48","Capacitor_SMD:C_0805_2012Metric","C15850"
"4.7uF","C31","Capacitor_SMD:C_0805_2012Metric","C1779"
"1uF","C32","Capacitor_SMD:C_0805_2012Metric","C28323"
"2.2uF","C35,C36","Capacitor_SMD:C_0805_2012Metric","C87994"
"18pF C0G","C38,C39","Capacitor_SMD:C_0603_1608Metric","C1647"
"SMF5.0CA","D1,D13","Diode_SMD:D_SMF","C2980402"
"SS54","D2","Diode_SMD:D_SMC","C16103"
"SMAJ15CA","D3,D14","Diode_SMD:D_SMA","C110044"
"green","D4-D6","LED_SMD:LED_0603_1608Metric","C12624"
"red","D7","LED_SMD:LED_0603_1608Metric","C2286"
"green PWR","D8","LED_SMD:LED_0603_1608Metric","C12624"
"ESDA6V1-5SC6","D9-D12","Package_TO_SOT_SMD:SOT-23-6","C6650"
"1.5A hold","F1","Fuse:Fuse_1812_4532Metric","C32404"
"1.1A hold 6V","F2","Fuse:Fuse_1206_3216Metric","C20801"
"1.1A hold 24V","F3","Fuse:Fuse_1812_4532Metric","C20999"
"600R@100MHz","FB1","Inductor_SMD:L_0603_1608Metric","C1002"
"USB-C","J1","Connector_USB:USB_C_Receptacle_HRO_TYPE-C-31-M-12","C165948"
"12V DC 5.5/2.1","J2","Connector_BarrelJack:BarrelJack_Horizontal",""
"FDD_PWR","J3","Connector_PinHeader_2.54mm:PinHeader_1x04_P2.54mm_Vertical","C32713270"
"SWD","J4","Connector_PinHeader_1.27mm:PinHeader_2x05_P1.27mm_Vertical","C22438120"
"DBG_UART","J5","Connector_PinHeader_2.54mm:PinHeader_1x03_P2.54mm_Vertical","C49257"
"FDD_34PIN","J6","Connector_IDC:IDC-Header_2x17_P2.54mm_Vertical","C20920"
"AMIGA_FDD","J7","Connector_IDC:IDC-Header_2x12_P2.54mm_Vertical",""
"IEC_HDR","J8","Connector_PinHeader_2.54mm:PinHeader_1x06_P2.54mm_Vertical","C37208"
"EXPANSION","J9","Connector_PinHeader_2.54mm:PinHeader_2x05_P2.54mm_Vertical",""
"WRITE_LOCK","J11","Connector_PinHeader_2.54mm:PinHeader_1x02_P2.54mm_Vertical",""
"FRONT_LED","J12","Connector_PinHeader_2.54mm:PinHeader_2x04_P2.54mm_Vertical",""
"MODE_SW","J13","Connector_PinHeader_2.54mm:PinHeader_1x03_P2.54mm_Vertical",""
"15uH 3A","L1","Inductor_SMD:L_Bourns_SRN6045TA","C1330797"
"AO3401A","Q1,Q3","Package_TO_SOT_SMD:SOT-23","C15127"
"2N7002","Q2,Q4","Package_TO_SOT_SMD:SOT-23","C8545"
"5.1k","R1,R2","Resistor_SMD:R_0603_1608Metric","C23186"
"100k 1%","R3","Resistor_SMD:R_0603_1608Metric","C25803"
"13.3k 1%","R4","Resistor_SMD:R_0603_1608Metric","C25952"
"33k 1%","R5","Resistor_SMD:R_0603_1608Metric","C4216"
"10k 1%","R6","Resistor_SMD:R_0603_1608Metric","C25804"
"10k","R7,R8,R16,R17,R30,R32","Resistor_SMD:R_0603_1608Metric","C25804"
"22k","R9","Resistor_SMD:R_0603_1608Metric","C31850"
"33k","R10","Resistor_SMD:R_0603_1608Metric","C4216"
"1k","R11-R14","Resistor_SMD:R_0603_1608Metric","C21190"
"2.2k","R15,R19,R20","Resistor_SMD:R_0603_1608Metric","C4190"
"4.7k","R18","Resistor_SMD:R_0603_1608Metric","C23162"
"47k","R21-R25","Resistor_SMD:R_0603_1608Metric","C25819"
"0.1R 1%","R26,R29","Resistor_SMD:R_1206_3216Metric","C25334"
"100k","R27,R28,R31,R33","Resistor_SMD:R_0603_1608Metric","C25803"
"330","R34-R37","Resistor_SMD:R_0603_1608Metric","C23138"
"1k","RN1-RN8","Resistor_SMD:R_Array_Convex_4x0603","C20197"
"RESET","SW1","Button_Switch_SMD:SW_SPST_TL3342","C2886898"
"BOOT","SW2","Button_Switch_SMD:SW_SPST_TL3342","C2886898"
"BTN_A","SW3","Button_Switch_SMD:SW_SPST_TL3342","C2886898"
"BTN_B","SW4","Button_Switch_SMD:SW_SPST_TL3342","C2886898"
"USBLC6-2SC6","U1","Package_TO_SOT_SMD:SOT-23-6","C7519"
"TPS54202DDC","U2","Package_TO_SOT_SMD:SOT-23-6","C191884"
"TPS2116DRL","U3","Package_TO_SOT_SMD:SOT-583-8","C3235557"
"AP7361C-33E","U4","Package_TO_SOT_SMD:SOT-223-3_TabPin2","C500795"
"STM32H723ZGT6","U5","Package_QFP:LQFP-144_20x20mm_P0.5mm","C730146"
"SN74LS07D","U6,U7,U9","Package_SO:SOIC-14_3.9x8.7mm_P1.27mm","C371970"
"74LVC14AD","U8,U10","Package_SO:SOIC-14_3.9x8.7mm_P1.27mm","C133541"
"APS6404L-3SQR-SN","U11","Package_SO:SOIC-8_3.9x4.9mm_P1.27mm","C5333729"
"INA180A1","U12,U13","Package_TO_SOT_SMD:SOT-23-5","C122228"
"74LVC1G32GW","U14","Package_TO_SOT_SMD:SOT-353_SC-70-5","C12516"
"CSNP32GCR01-AOW","U15","UFI_Headless:SD_NAND_LGA-8_6x8mm_P1.27mm","C2841139"
"25MHz CL=12pF","Y1","Crystal:Crystal_SMD_3225-4Pin_3.2x2.5mm","C9006"
